,time,open,high,low,close,tickvol,vol
0,2020-09-18 09:00:00,100100,100150,99920,99960,61234,180445
1,2020-09-18 09:15:00,99960,99990,99875,99915,51166,155536
2,2020-09-18 09:30:00,99920,99960,99845,99930,60311,179824
3,2020-09-18 09:45:00,99930,99980,99880,99950,50684,153004
4,2020-09-18 10:00:00,99950,99960,99550,99730,178600,582646
5,2020-09-18 10:15:00,99730,100135,99685,99895,188769,656454
6,2020-09-18 10:30:00,99890,100155,99710,99740,206572,747550
7,2020-09-18 10:45:00,99740,99750,99405,99605,177676,650304
8,2020-09-18 11:00:00,99605,99790,99555,99785,110724,410647
9,2020-09-18 11:15:00,99785,99980,99710,99855,132520,483163
10,2020-09-18 11:30:00,99855,100015,99690,99965,122133,455066
11,2020-09-18 11:45:00,99965,99970,99710,99775,114141,436141
12,2020-09-18 12:00:00,99775,99970,99655,99950,107460,389253
13,2020-09-18 12:15:00,99950,100005,99755,99925,80383,324909
14,2020-09-18 12:30:00,99925,99940,99560,99580,96849,379833
15,2020-09-18 12:45:00,99585,99585,98910,99000,183427,745319
16,2020-09-18 13:00:00,98995,99025,98725,98880,116749,505055
17,2020-09-18 13:15:00,98880,98920,98770,98840,63639,261602
18,2020-09-18 13:30:00,98845,98940,98670,98920,86793,331518
19,2020-09-18 13:45:00,98920,98995,98815,98940,69375,275413
20,2020-09-18 14:00:00,98945,98950,98735,98885,67544,266188
21,2020-09-18 14:15:00,98880,98880,98350,98355,111170,471923
22,2020-09-18 14:30:00,98350,98530,98010,98130,178972,715761
23,2020-09-18 14:45:00,98130,98370,98065,98365,71844,261540
24,2020-09-18 15:00:00,98365,98500,98240,98405,75603,310956
25,2020-09-18 15:15:00,98400,98645,98330,98520,79432,321010
26,2020-09-18 15:30:00,98515,98665,98370,98395,71210,282750
27,2020-09-18 15:45:00,98395,98520,98335,98510,72173,288618
28,2020-09-18 16:00:00,98510,98535,98295,98330,72961,287204
29,2020-09-18 16:15:00,98330,98365,98155,98275,81795,341027
30,2020-09-18 16:30:00,98275,98355,98160,98165,66680,276019
31,2020-09-18 16:45:00,98165,98400,98130,98200,82217,349271
32,2020-09-18 17:00:00,98200,98350,98055,98315,66007,282858
33,2020-09-18 17:15:00,98315,98335,98220,98265,27551,98403
34,2020-09-18 17:30:00,98270,98350,98190,98305,28990,109215
35,2020-09-18 17:45:00,98300,98310,97960,98090,31611,104289
36,2020-09-21 09:00:00,96720,96850,96515,96690,89324,261266
37,2020-09-21 09:15:00,96685,96945,96640,96735,108134,322693
38,2020-09-21 09:30:00,96735,96800,96540,96560,79960,262928
39,2020-09-21 09:45:00,96560,96880,96550,96780,89399,285184
40,2020-09-21 10:00:00,96775,97155,96725,96835,192306,625448
41,2020-09-21 10:15:00,96840,96945,96310,96705,189948,629406
42,2020-09-21 10:30:00,96700,96795,96140,96400,245943,854499
43,2020-09-21 10:45:00,96400,96730,96325,96655,165808,555561
44,2020-09-21 11:00:00,96655,96755,96275,96605,174115,554825
45,2020-09-21 11:15:00,96610,96710,96210,96245,148748,516407
46,2020-09-21 11:30:00,96240,96290,95820,95945,192945,688914
47,2020-09-21 11:45:00,95950,96175,95900,96095,115846,391213
48,2020-09-21 12:00:00,96090,96290,96055,96105,87504,306814
49,2020-09-21 12:15:00,96110,96140,95940,96060,89723,323631
50,2020-09-21 12:30:00,96065,96190,95880,96100,84111,316342
51,2020-09-21 12:45:00,96095,96365,96080,96180,77232,280566
52,2020-09-21 13:00:00,96185,96835,96170,96670,133589,498812
53,2020-09-21 13:15:00,96670,96860,96580,96730,90831,328628
54,2020-09-21 13:30:00,96725,96770,96570,96665,74074,267923
55,2020-09-21 13:45:00,96665,96690,96410,96490,89883,314031
56,2020-09-21 14:00:00,96490,96705,96375,96565,92789,319105
57,2020-09-21 14:15:00,96560,96745,96495,96655,81433,285217
58,2020-09-21 14:30:00,96660,97000,96605,96855,96304,338641
59,2020-09-21 14:45:00,96855,97370,96835,97065,134472,501279
60,2020-09-21 15:00:00,97070,97215,97005,97080,81233,286749
61,2020-09-21 15:15:00,97085,97235,97020,97125,78217,282047
62,2020-09-21 15:30:00,97125,97165,96720,96830,116206,394010
63,2020-09-21 15:45:00,96830,96875,96680,96705,68121,241176
64,2020-09-21 16:00:00,96700,97010,96685,96905,93343,334554
65,2020-09-21 16:15:00,96910,97095,96780,96865,92756,344274
66,2020-09-21 16:30:00,96860,96955,96760,96845,73694,272919
67,2020-09-21 16:45:00,96850,97060,96770,97045,76782,288612
68,2020-09-21 17:00:00,97045,97225,97015,97200,62395,232843
69,2020-09-21 17:15:00,97200,97215,97025,97075,37619,117546
70,2020-09-21 17:30:00,97070,97145,97025,97025,27513,86750
71,2020-09-21 17:45:00,97025,97055,96895,96940,26623,71362
72,2020-09-22 09:00:00,96940,96990,96620,96695,83311,235986
73,2020-09-22 09:15:00,96690,96915,96640,96905,98262,281300
74,2020-09-22 09:30:00,96905,97215,96890,97160,132467,425359
75,2020-09-22 09:45:00,97160,97175,96960,96975,92433,273640
76,2020-09-22 10:00:00,96970,97280,96900,97280,178517,559521
77,2020-09-22 10:15:00,97280,97495,97140,97425,181616,566937
78,2020-09-22 10:30:00,97420,97760,97240,97525,231750,767516
79,2020-09-22 10:45:00,97525,97575,96980,97085,178468,589632
80,2020-09-22 11:00:00,97090,97340,96960,97340,154500,529102
81,2020-09-22 11:15:00,97340,97475,96785,97075,185519,641861
82,2020-09-22 11:30:00,97075,97190,96885,96900,119650,414283
83,2020-09-22 11:45:00,96900,96905,96445,96455,157966,592815
84,2020-09-22 12:00:00,96455,96670,96405,96595,100304,383412
85,2020-09-22 12:15:00,96595,97045,96580,97010,105951,387388
86,2020-09-22 12:30:00,97005,97220,96785,96965,140987,500949
87,2020-09-22 12:45:00,96965,97035,96635,96940,98432,349093
88,2020-09-22 13:00:00,96940,97120,96900,97080,68839,254941
89,2020-09-22 13:15:00,97080,97090,96830,97000,68229,253900
90,2020-09-22 13:30:00,97000,97185,96970,97135,62076,226685
91,2020-09-22 13:45:00,97130,97180,96780,96925,90379,327148
92,2020-09-22 14:00:00,96930,96935,96755,96865,60780,212410
93,2020-09-22 14:15:00,96870,97050,96815,96955,59918,222142
94,2020-09-22 14:30:00,96955,96980,96725,96885,82545,299010
95,2020-09-22 14:45:00,96885,97270,96810,97225,99787,386593
96,2020-09-22 15:00:00,97220,97640,97220,97590,122911,526968
97,2020-09-22 15:15:00,97585,97775,97400,97490,106888,439862
98,2020-09-22 15:30:00,97495,97585,97365,97505,80328,310699
99,2020-09-22 15:45:00,97510,97550,97330,97335,58843,220678
100,2020-09-22 16:00:00,97335,97505,97205,97385,72927,267849
101,2020-09-22 16:15:00,97385,97525,97335,97390,68827,275564
102,2020-09-22 16:30:00,97390,97565,97280,97440,87723,376764
103,2020-09-22 16:45:00,97440,97460,97220,97280,80854,313695
104,2020-09-22 17:00:00,97285,97400,97215,97270,47918,158907
105,2020-09-22 17:15:00,97275,97285,97085,97160,33099,109117
106,2020-09-22 17:30:00,97160,97245,96985,97025,41911,128750
107,2020-09-22 17:45:00,97025,97045,96945,96975,18120,53851
108,2020-09-23 09:00:00,97500,97520,97245,97315,70503,194546
109,2020-09-23 09:15:00,97315,97315,97040,97145,85531,250238
110,2020-09-23 09:30:00,97145,97330,97135,97180,111185,331795
111,2020-09-23 09:45:00,97185,97350,97110,97285,93393,285784
112,2020-09-23 10:00:00,97285,97285,96840,97145,195738,624593
113,2020-09-23 10:15:00,97150,97360,97070,97130,175606,587219
114,2020-09-23 10:30:00,97135,97375,96915,97030,180004,619031
115,2020-09-23 10:45:00,97035,97260,96800,97090,178050,636998
116,2020-09-23 11:00:00,97090,97280,96830,96965,142796,529766
117,2020-09-23 11:15:00,96965,96980,96585,96850,156511,552952
118,2020-09-23 11:30:00,96855,96920,96495,96720,146586,545643
119,2020-09-23 11:45:00,96725,96810,96455,96625,123634,466486
120,2020-09-23 12:00:00,96625,96735,96540,96620,76264,276290
121,2020-09-23 12:15:00,96615,96765,96510,96555,95214,351796
122,2020-09-23 12:30:00,96555,96570,96185,96425,120364,453817
123,2020-09-23 12:45:00,96420,96565,96315,96415,80354,277316
124,2020-09-23 13:00:00,96415,96615,96335,96605,66565,250083
125,2020-09-23 13:15:00,96610,96825,96515,96775,104733,404512
126,2020-09-23 13:30:00,96780,97245,96720,97210,123295,443951
127,2020-09-23 13:45:00,97215,97465,97075,97410,101262,392391
128,2020-09-23 14:00:00,97415,97430,97195,97280,72284,277826
129,2020-09-23 14:15:00,97275,97350,97170,97180,57011,226673
130,2020-09-23 14:30:00,97180,97210,96940,96945,91149,351041
131,2020-09-23 14:45:00,96940,97050,96680,96810,113964,419849
132,2020-09-23 15:00:00,96815,96820,96585,96720,93775,343565
133,2020-09-23 15:15:00,96715,96725,96230,96335,138002,541288
134,2020-09-23 15:30:00,96335,96460,96180,96415,96371,386032
135,2020-09-23 15:45:00,96415,96445,96055,96215,106681,445508
136,2020-09-23 16:00:00,96215,96305,95770,96095,124220,506803
137,2020-09-23 16:15:00,96100,96205,95980,96190,83367,338789
138,2020-09-23 16:30:00,96190,96270,95960,96025,79209,344549
139,2020-09-23 16:45:00,96025,96030,95505,95695,111524,475412
140,2020-09-23 17:00:00,95695,95715,95515,95630,41452,172280
141,2020-09-23 17:15:00,95630,95720,95575,95665,23718,87828
142,2020-09-23 17:30:00,95670,95710,95605,95630,17523,65387
143,2020-09-23 17:45:00,95630,95650,95510,95610,16024,54327
144,2020-09-24 09:00:00,95400,95960,95300,95880,112342,320721
145,2020-09-24 09:15:00,95880,95995,95820,95905,82296,238724
146,2020-09-24 09:30:00,95910,95925,95470,95505,151419,442092
147,2020-09-24 09:45:00,95500,95980,95480,95945,140335,441623
148,2020-09-24 10:00:00,95945,96080,95730,95785,169246,551373
149,2020-09-24 10:15:00,95780,96310,95710,96285,141379,474857
150,2020-09-24 10:30:00,96290,96450,95925,96140,208150,705104
151,2020-09-24 10:45:00,96140,96590,96025,96440,171319,573073
152,2020-09-24 11:00:00,96440,96890,96410,96720,171652,606981
153,2020-09-24 11:15:00,96715,96910,96570,96600,114818,401651
154,2020-09-24 11:30:00,96600,96920,96510,96845,115652,414802
155,2020-09-24 11:45:00,96845,97125,96845,97040,132171,479413
156,2020-09-24 12:00:00,97040,97170,96955,97155,89448,327364
157,2020-09-24 12:15:00,97155,97255,96980,97150,88186,306139
158,2020-09-24 12:30:00,97150,97420,97105,97325,88084,324262
159,2020-09-24 12:45:00,97330,97490,97205,97405,78951,297258
160,2020-09-24 13:00:00,97405,97475,97230,97285,73341,276998
161,2020-09-24 13:15:00,97280,97385,97165,97280,80777,296347
162,2020-09-24 13:30:00,97285,97415,97210,97365,60937,229665
163,2020-09-24 13:45:00,97365,97690,97230,97630,108642,416379
164,2020-09-24 14:00:00,97635,97930,97625,97895,117480,448814
165,2020-09-24 14:15:00,97895,97985,97810,97870,85552,322226
166,2020-09-24 14:30:00,97870,98040,97825,97910,88455,336003
167,2020-09-24 14:45:00,97905,98025,97785,97975,95228,381281
168,2020-09-24 15:00:00,97970,98080,97735,97845,90170,348806
169,2020-09-24 15:15:00,97850,97890,97365,97425,129003,498955
170,2020-09-24 15:30:00,97420,97630,97325,97510,89320,342145
171,2020-09-24 15:45:00,97515,97530,97055,97125,118103,462340
172,2020-09-24 16:00:00,97125,97290,97080,97245,77878,319264
173,2020-09-24 16:15:00,97245,97370,96820,96885,131590,539715
174,2020-09-24 16:30:00,96885,97115,96800,97065,89625,375822
175,2020-09-24 16:45:00,97065,97260,97010,97060,87661,350655
176,2020-09-24 17:00:00,97055,97090,96955,97010,46204,188722
177,2020-09-24 17:15:00,97010,97025,96815,96880,32151,126013
178,2020-09-24 17:30:00,96875,96905,96770,96805,24807,91727
179,2020-09-24 17:45:00,96800,97095,96730,96980,21031,80723
180,2020-09-25 09:00:00,96505,96680,96330,96355,82260,233330
181,2020-09-25 09:15:00,96360,96465,96310,96425,63661,190532
182,2020-09-25 09:30:00,96420,96560,96100,96335,125336,380081
183,2020-09-25 09:45:00,96335,96495,96320,96400,81935,263628
184,2020-09-25 10:00:00,96400,96480,96235,96280,111905,397892
185,2020-09-25 10:15:00,96285,96315,95740,95810,176496,645533
186,2020-09-25 10:30:00,95810,95945,95550,95900,186105,710274
187,2020-09-25 10:45:00,95900,96050,95705,96040,142015,516020
188,2020-09-25 11:00:00,96035,96095,95650,95700,135597,503507
189,2020-09-25 11:15:00,95695,96175,95660,96050,129124,486816
190,2020-09-25 11:30:00,96050,96150,95865,96020,109524,425468
191,2020-09-25 11:45:00,96025,96155,95865,96015,97266,386888
192,2020-09-25 12:00:00,96020,96280,95935,95970,104960,403453
193,2020-09-25 12:15:00,95975,96290,95945,96250,79435,309529
194,2020-09-25 12:30:00,96250,96645,96245,96325,124340,484153
195,2020-09-25 12:45:00,96325,96370,96025,96165,97346,402254
196,2020-09-25 13:00:00,96165,96520,96135,96515,72272,288847
197,2020-09-25 13:15:00,96520,96630,96365,96415,94049,379410
198,2020-09-25 13:30:00,96420,96450,96285,96345,62006,262497
199,2020-09-25 13:45:00,96350,96600,96310,96580,58694,236699
200,2020-09-25 14:00:00,96580,96765,96520,96570,87663,350507
201,2020-09-25 14:15:00,96570,96655,96470,96550,65326,264096
202,2020-09-25 14:30:00,96555,96705,96550,96620,61996,249053
203,2020-09-25 14:45:00,96615,96675,96525,96570,44907,179462
204,2020-09-25 15:00:00,96575,96760,96375,96395,97623,387877
205,2020-09-25 15:15:00,96400,96620,96385,96550,66335,262636
206,2020-09-25 15:30:00,96545,96600,96285,96365,69307,284811
207,2020-09-25 15:45:00,96365,96655,96325,96630,72616,302267
208,2020-09-25 16:00:00,96630,96915,96605,96750,115716,504218
209,2020-09-25 16:15:00,96755,96880,96675,96825,64249,276771
210,2020-09-25 16:30:00,96820,96885,96615,96820,68593,313750
211,2020-09-25 16:45:00,96820,97175,96765,97130,84518,380805
212,2020-09-25 17:00:00,97125,97170,97005,97100,43610,188602
213,2020-09-25 17:15:00,97095,97125,97060,97075,12918,48186
214,2020-09-25 17:30:00,97075,97120,97050,97060,13861,47221
215,2020-09-25 17:45:00,97065,97100,96990,97085,14861,47988
216,2020-09-28 09:00:00,98300,98380,98100,98180,58691,179978
217,2020-09-28 09:15:00,98180,98450,98180,98320,69173,207520
218,2020-09-28 09:30:00,98315,98375,98110,98190,66633,204260
219,2020-09-28 09:45:00,98185,98225,98100,98135,47577,148275
220,2020-09-28 10:00:00,98135,98140,97710,98050,167688,515167
221,2020-09-28 10:15:00,98050,98210,97990,98080,116891,374714
222,2020-09-28 10:30:00,98080,98355,97925,98005,187405,596958
223,2020-09-28 10:45:00,98005,98180,97860,97925,139379,457957
224,2020-09-28 11:00:00,97925,98010,97590,97760,141122,511673
225,2020-09-28 11:15:00,97755,98100,97695,97730,143027,513303
226,2020-09-28 11:30:00,97730,97810,97155,97385,179556,706725
227,2020-09-28 11:45:00,97385,97430,97070,97190,127060,486797
228,2020-09-28 12:00:00,97195,97365,97170,97210,70110,258520
229,2020-09-28 12:15:00,97205,97270,96860,97090,106186,413581
230,2020-09-28 12:30:00,97095,97265,96955,97165,85930,330601
231,2020-09-28 12:45:00,97160,97210,97045,97180,55023,213458
232,2020-09-28 13:00:00,97180,97440,97010,97070,130609,548014
233,2020-09-28 13:15:00,97070,97075,95965,96210,194381,763380
234,2020-09-28 13:30:00,96215,96295,95875,96270,111792,438661
235,2020-09-28 13:45:00,96270,96450,96160,96200,87486,385853
236,2020-09-28 14:00:00,96195,96225,95140,95275,204971,797457
237,2020-09-28 14:15:00,95270,95300,94425,94615,177575,711261
238,2020-09-28 14:30:00,94615,95030,94310,94875,134213,524452
239,2020-09-28 14:45:00,94875,95195,94860,94905,100016,418775
240,2020-09-28 15:00:00,94905,95475,94885,95330,100402,400875
241,2020-09-28 15:15:00,95330,95560,95210,95405,110379,451307
242,2020-09-28 15:30:00,95410,95655,95375,95585,93473,380121
243,2020-09-28 15:45:00,95590,95740,95300,95410,99233,391873
244,2020-09-28 16:00:00,95410,95470,95035,95300,118582,462728
245,2020-09-28 16:15:00,95295,95350,95140,95345,75143,331700
246,2020-09-28 16:30:00,95350,95360,94940,95035,92864,388309
247,2020-09-28 16:45:00,95035,95035,94465,94585,113527,457079
248,2020-09-28 17:00:00,94590,94850,94495,94805,63147,257617
249,2020-09-28 17:15:00,94800,94840,94715,94755,23702,99342
250,2020-09-28 17:30:00,94750,94785,94525,94580,31666,119921
251,2020-09-28 17:45:00,94580,94605,94475,94500,15222,48325
252,2020-09-29 09:00:00,94615,94850,94105,94385,137488,393278
253,2020-09-29 09:15:00,94390,95200,94390,95170,184037,571221
254,2020-09-29 09:30:00,95170,95310,95090,95175,100448,310753
255,2020-09-29 09:45:00,95180,95210,94320,94440,199822,602179
256,2020-09-29 10:00:00,94445,94840,94260,94630,212869,708865
257,2020-09-29 10:15:00,94630,94755,93790,94260,227061,745377
258,2020-09-29 10:30:00,94265,94710,94175,94440,193939,698159
259,2020-09-29 10:45:00,94440,95095,94435,94825,193905,707996
260,2020-09-29 11:00:00,94820,95120,94740,95055,138953,553064
261,2020-09-29 11:15:00,95060,95520,94890,95280,156403,595231
262,2020-09-29 11:30:00,95285,95355,94805,94875,155416,595226
263,2020-09-29 11:45:00,94870,94965,94525,94790,138745,513975
264,2020-09-29 12:00:00,94790,94965,94090,94260,150845,624293
265,2020-09-29 12:15:00,94260,94840,94205,94760,117721,440137
266,2020-09-29 12:30:00,94760,94985,94415,94435,139780,574614
267,2020-09-29 12:45:00,94440,94515,94070,94210,119890,438243
268,2020-09-29 13:00:00,94210,94440,93890,94220,126368,441669
269,2020-09-29 13:15:00,94220,94295,94035,94290,80043,296868
270,2020-09-29 13:30:00,94295,94370,93915,93930,90385,359897
271,2020-09-29 13:45:00,93930,93990,93690,93925,117241,403641
272,2020-09-29 14:00:00,93925,93935,93515,93605,114167,398544
273,2020-09-29 14:15:00,93605,93910,93550,93895,81706,303851
274,2020-09-29 14:30:00,93895,94045,93695,93720,101249,374161
275,2020-09-29 14:45:00,93715,93775,93315,93700,117701,453758
276,2020-09-29 15:00:00,93695,93835,93580,93600,76355,308280
277,2020-09-29 15:15:00,93605,94040,93580,93960,104946,428637
278,2020-09-29 15:30:00,93960,94085,93810,93935,91547,382584
279,2020-09-29 15:45:00,93935,94145,93755,93770,86989,351615
280,2020-09-29 16:00:00,93775,93870,93705,93780,68261,288787
281,2020-09-29 16:15:00,93780,93870,93630,93675,56573,241422
282,2020-09-29 16:30:00,93670,93900,93600,93630,70040,271581
283,2020-09-29 16:45:00,93630,93675,93345,93355,71625,293819
284,2020-09-29 17:00:00,93350,93570,93350,93415,50878,200366
285,2020-09-29 17:15:00,93415,93480,93220,93390,47698,175920
286,2020-09-29 17:30:00,93395,93700,93330,93580,31102,113032
287,2020-09-29 17:45:00,93585,93595,93375,93465,17437,54217
288,2020-09-30 09:00:00,93400,93765,93140,93590,154111,408284
289,2020-09-30 09:15:00,93590,94085,93525,94075,149721,425737
290,2020-09-30 09:30:00,94075,94390,93900,94295,131010,402264
291,2020-09-30 09:45:00,94295,94340,94150,94195,101968,312773
292,2020-09-30 10:00:00,94200,94585,94130,94495,192438,635179
293,2020-09-30 10:15:00,94495,94510,94050,94260,163007,533492
294,2020-09-30 10:30:00,94265,94795,94230,94755,210450,712824
295,2020-09-30 10:45:00,94755,94900,94605,94695,132315,440667
296,2020-09-30 11:00:00,94695,94970,94655,94775,136919,455587
297,2020-09-30 11:15:00,94770,95355,94740,95205,160612,550890
298,2020-09-30 11:30:00,95210,95390,94610,94705,191991,679714
299,2020-09-30 11:45:00,94705,94725,94365,94400,156527,544104
300,2020-09-30 12:00:00,94400,94865,94400,94545,115562,408591
301,2020-09-30 12:15:00,94550,94835,94430,94600,100404,342467
302,2020-09-30 12:30:00,94600,94665,94350,94595,99155,352818
303,2020-09-30 12:45:00,94595,94790,94555,94735,67112,230682
304,2020-09-30 13:00:00,94735,95080,94725,95050,95878,332327
305,2020-09-30 13:15:00,95050,95100,94840,94905,83555,298434
306,2020-09-30 13:30:00,94910,94910,94470,94510,96617,324586
307,2020-09-30 13:45:00,94510,94665,94480,94600,74357,255811
308,2020-09-30 14:00:00,94605,94710,94355,94600,123901,430030
309,2020-09-30 14:15:00,94600,94825,94405,94415,110085,392418
310,2020-09-30 14:30:00,94420,94560,94210,94525,133761,469934
311,2020-09-30 14:45:00,94525,94680,94455,94655,88737,301869
312,2020-09-30 15:00:00,94660,95085,94635,94870,127462,456018
313,2020-09-30 15:15:00,94870,95240,94670,94895,166169,602626
314,2020-09-30 15:30:00,94895,95070,94520,94655,108579,411963
315,2020-09-30 15:45:00,94650,94750,94410,94615,109874,418464
316,2020-09-30 16:00:00,94620,94870,94525,94590,105423,397117
317,2020-09-30 16:15:00,94585,94855,94295,94800,125501,468684
318,2020-09-30 16:30:00,94810,94995,94675,94875,93751,351054
319,2020-09-30 16:45:00,94880,94880,94605,94655,65452,251837
320,2020-09-30 17:00:00,94660,94745,94455,94515,78367,303520
321,2020-09-30 17:15:00,94515,94680,94410,94630,38321,127993
322,2020-09-30 17:30:00,94630,95050,94630,95020,39999,145171
323,2020-09-30 17:45:00,95025,95255,95010,95075,25428,92204
324,2020-10-01 09:00:00,95370,95590,95030,95085,118186,322734
325,2020-10-01 09:15:00,95080,95110,94885,95060,107574,304659
326,2020-10-01 09:30:00,95060,95195,94950,95150,116699,322750
327,2020-10-01 09:45:00,95150,95195,94730,94810,125848,390853
328,2020-10-01 10:00:00,94805,94870,94610,94775,169507,574005
329,2020-10-01 10:15:00,94775,94855,94205,94590,183752,641631
330,2020-10-01 10:30:00,94595,94600,94085,94295,221464,761712
331,2020-10-01 10:45:00,94295,94445,93830,94090,197078,672188
332,2020-10-01 11:00:00,94090,94090,93700,94015,172123,574378
333,2020-10-01 11:15:00,94020,94145,93760,94105,148124,497413
334,2020-10-01 11:30:00,94105,94170,93950,94025,98296,351986
335,2020-10-01 11:45:00,94030,94140,93870,94100,95606,360527
336,2020-10-01 12:00:00,94100,94165,93775,94000,120271,449638
337,2020-10-01 12:15:00,94005,94285,93955,94055,103673,378059
338,2020-10-01 12:30:00,94060,94115,93670,93745,115721,444636
339,2020-10-01 12:45:00,93740,93890,93535,93830,121417,457549
340,2020-10-01 13:00:00,93830,93915,93670,93800,76998,293480
341,2020-10-01 13:15:00,93795,93945,93710,93895,64175,240697
342,2020-10-01 13:30:00,93895,94080,93860,94040,64686,230980
343,2020-10-01 13:45:00,94035,94100,93890,94000,77742,285603
344,2020-10-01 14:00:00,94000,94220,93995,94200,74436,282514
345,2020-10-01 14:15:00,94195,94420,94130,94405,116541,423375
346,2020-10-01 14:30:00,94405,94525,94310,94395,118532,436533
347,2020-10-01 14:45:00,94395,94900,94285,94710,153714,587077
348,2020-10-01 15:00:00,94705,94955,94365,94530,163553,647962
349,2020-10-01 15:15:00,94525,95045,94395,94980,105793,408919
350,2020-10-01 15:30:00,94980,95365,94970,95175,128516,547882
351,2020-10-01 15:45:00,95175,95495,95120,95360,101198,424003
352,2020-10-01 16:00:00,95355,95525,95235,95265,88367,359451
353,2020-10-01 16:15:00,95265,95450,95115,95270,95600,370863
354,2020-10-01 16:30:00,95270,95425,95205,95260,64929,258345
355,2020-10-01 16:45:00,95260,95575,95195,95560,77613,311272
356,2020-10-01 17:00:00,95555,95565,95310,95330,50983,205070
357,2020-10-01 17:15:00,95335,95520,95300,95495,38649,147522
358,2020-10-01 17:30:00,95490,95505,95350,95365,20799,71898
359,2020-10-01 17:45:00,95365,95380,95220,95235,18647,62576
360,2020-10-02 09:00:00,94500,95170,94365,95110,151980,426683
361,2020-10-02 09:15:00,95110,95240,94805,95190,142026,386959
362,2020-10-02 09:30:00,95195,95235,94710,94870,132902,360395
363,2020-10-02 09:45:00,94875,94960,94750,94865,80795,244508
364,2020-10-02 10:00:00,94865,94985,94560,94950,165895,528496
365,2020-10-02 10:15:00,94950,95180,94700,94835,180827,620720
366,2020-10-02 10:30:00,94835,95870,94735,95845,276069,914951
367,2020-10-02 10:45:00,95845,95905,95570,95695,147440,468857
368,2020-10-02 11:00:00,95695,96040,95615,95900,129326,440005
369,2020-10-02 11:15:00,95895,95905,95460,95560,129008,422802
370,2020-10-02 11:30:00,95555,95635,95300,95395,114226,391155
371,2020-10-02 11:45:00,95390,95485,95095,95260,116958,416384
372,2020-10-02 12:00:00,95260,95350,95145,95260,79330,281600
373,2020-10-02 12:15:00,95260,95490,95170,95380,107682,373367
374,2020-10-02 12:30:00,95375,95410,94655,94795,158134,583811
375,2020-10-02 12:45:00,94795,94890,94385,94440,106582,391743
376,2020-10-02 13:00:00,94445,94945,94245,94765,126608,464875
377,2020-10-02 13:15:00,94765,94990,94710,94735,85295,320096
378,2020-10-02 13:30:00,94740,94925,94585,94875,93915,331832
379,2020-10-02 13:45:00,94875,94970,94630,94685,86364,316118
380,2020-10-02 14:00:00,94685,94785,94325,94325,119695,428058
381,2020-10-02 14:15:00,94325,94590,94115,94575,98903,347583
382,2020-10-02 14:30:00,94580,94710,94235,94285,111991,404990
383,2020-10-02 14:45:00,94290,94480,94140,94405,81864,303295
384,2020-10-02 15:00:00,94405,94630,94370,94595,75618,271073
385,2020-10-02 15:15:00,94595,94680,94455,94570,66914,256133
386,2020-10-02 15:30:00,94570,94660,94475,94540,59668,237696
387,2020-10-02 15:45:00,94535,94545,94255,94295,88466,342501
388,2020-10-02 16:00:00,94290,94325,93810,93975,129943,528689
389,2020-10-02 16:15:00,93980,94285,93880,94255,73760,297979
390,2020-10-02 16:30:00,94255,94420,94165,94375,69164,283969
391,2020-10-02 16:45:00,94380,94390,93815,93855,85062,336507
392,2020-10-02 17:00:00,93850,93985,93505,93510,89020,364454
393,2020-10-02 17:15:00,93510,93685,93500,93525,28176,107723
394,2020-10-02 17:30:00,93525,93650,93325,93330,39689,155137
395,2020-10-02 17:45:00,93340,93415,93120,93300,27413,111240
396,2020-10-05 09:00:00,94155,94285,93800,94170,114795,315681
397,2020-10-05 09:15:00,94165,94215,93660,94025,145822,443749
398,2020-10-05 09:30:00,94025,94195,93985,94095,97499,314978
399,2020-10-05 09:45:00,94095,94300,94030,94220,98756,322355
400,2020-10-05 10:00:00,94220,94570,94110,94560,175638,622123
401,2020-10-05 10:15:00,94560,94790,94275,94365,170422,573403
402,2020-10-05 10:30:00,94375,94485,94005,94225,193201,662479
403,2020-10-05 10:45:00,94225,94410,93910,94175,156193,540217
404,2020-10-05 11:00:00,94175,94660,94170,94615,164948,584585
405,2020-10-05 11:15:00,94615,94720,94445,94485,128009,455175
406,2020-10-05 11:30:00,94480,94735,94375,94575,132020,459965
407,2020-10-05 11:45:00,94575,94830,94545,94700,110992,386907
408,2020-10-05 12:00:00,94700,94775,94455,94655,108882,369094
409,2020-10-05 12:15:00,94660,94740,94550,94580,77465,271300
410,2020-10-05 12:30:00,94580,95230,94530,95185,131258,508682
411,2020-10-05 12:45:00,95185,95460,95180,95345,114745,528645
412,2020-10-05 13:00:00,95340,95655,95330,95420,119514,464687
413,2020-10-05 13:15:00,95425,95685,95410,95595,79428,304899
414,2020-10-05 13:30:00,95590,95775,95545,95710,76823,289808
415,2020-10-05 13:45:00,95705,95880,95605,95700,87294,337112
416,2020-10-05 14:00:00,95695,95935,95615,95770,93381,343531
417,2020-10-05 14:15:00,95775,96170,95690,96105,123130,498524
418,2020-10-05 14:30:00,96105,96130,95905,95950,66767,252896
419,2020-10-05 14:45:00,95950,96280,95860,96035,112606,434677
420,2020-10-05 15:00:00,96030,96050,95840,95945,73409,274452
421,2020-10-05 15:15:00,95940,96025,95860,95940,55101,209404
422,2020-10-05 15:30:00,95945,96080,95930,96050,56720,231136
423,2020-10-05 15:45:00,96055,96300,96035,96185,92795,374192
424,2020-10-05 16:00:00,96185,96280,96040,96125,82292,363307
425,2020-10-05 16:15:00,96125,96465,96120,96265,104012,431865
426,2020-10-05 16:30:00,96270,96300,96095,96105,63286,244543
427,2020-10-05 16:45:00,96105,96240,96030,96225,68958,283530
428,2020-10-05 17:00:00,96220,96225,96050,96070,42771,173831
429,2020-10-05 17:15:00,96075,96095,95970,96030,34913,126441
430,2020-10-05 17:30:00,96040,96130,96005,96030,27337,92103
431,2020-10-05 17:45:00,96025,96170,95900,95900,22185,73635
432,2020-10-06 09:00:00,96725,97065,96725,96840,85088,256268
433,2020-10-06 09:15:00,96835,97035,96670,97005,138973,434153
434,2020-10-06 09:30:00,97005,97420,96810,97265,184804,568979
435,2020-10-06 09:45:00,97265,97290,96855,97060,131113,370730
436,2020-10-06 10:00:00,97060,97100,96840,97000,151522,494459
437,2020-10-06 10:15:00,96995,97155,96705,96775,164914,538851
438,2020-10-06 10:30:00,96775,97125,96710,96790,205670,707111
439,2020-10-06 10:45:00,96790,96930,96550,96770,190371,656221
440,2020-10-06 11:00:00,96770,97330,96700,97180,168039,586709
441,2020-10-06 11:15:00,97185,97235,96975,97125,123616,416863
442,2020-10-06 11:30:00,97130,97480,96880,97125,194650,681146
443,2020-10-06 11:45:00,97125,97195,96820,96910,116667,403401
444,2020-10-06 12:00:00,96910,96975,96725,96870,103568,396566
445,2020-10-06 12:15:00,96870,96930,96385,96535,123352,466983
446,2020-10-06 12:30:00,96535,96740,96435,96455,95902,360267
447,2020-10-06 12:45:00,96450,96455,96080,96260,136332,522194
448,2020-10-06 13:00:00,96255,96360,96070,96335,81832,315396
449,2020-10-06 13:15:00,96335,96405,96220,96295,67398,258129
450,2020-10-06 13:30:00,96295,96560,96145,96505,100862,432283
451,2020-10-06 13:45:00,96510,96750,96300,96505,115393,443881
452,2020-10-06 14:00:00,96505,96555,96315,96355,75588,272695
453,2020-10-06 14:15:00,96355,96450,96230,96340,74631,279413
454,2020-10-06 14:30:00,96345,96430,96160,96285,84883,333920
455,2020-10-06 14:45:00,96280,96540,96210,96435,71115,274695
456,2020-10-06 15:00:00,96430,96710,96090,96510,149406,588026
457,2020-10-06 15:15:00,96510,96570,96320,96405,65009,259652
458,2020-10-06 15:30:00,96405,96775,96400,96695,91546,365315
459,2020-10-06 15:45:00,96690,96715,95270,95640,281030,1153065
460,2020-10-06 16:00:00,95640,95845,95125,95635,208648,836918
461,2020-10-06 16:15:00,95635,95980,95480,95940,123962,504644
462,2020-10-06 16:30:00,95940,96340,95900,96065,124939,500857
463,2020-10-06 16:45:00,96065,96075,95550,95560,100272,400692
464,2020-10-06 17:00:00,95565,95715,95380,95515,59090,241762
465,2020-10-06 17:15:00,95510,95830,95425,95715,35628,126850
466,2020-10-06 17:30:00,95720,95750,95310,95390,36392,125537
467,2020-10-06 17:45:00,95395,95590,95225,95505,24440,77941
468,2020-10-07 09:00:00,96240,96375,95960,96230,107351,300657
469,2020-10-07 09:15:00,96230,96350,95955,95970,100803,314479
470,2020-10-07 09:30:00,95970,96020,95750,95915,124153,378196
471,2020-10-07 09:45:00,95910,96065,95855,95950,86921,277194
472,2020-10-07 10:00:00,95945,96120,95810,96090,149935,501507
473,2020-10-07 10:15:00,96090,96160,95740,96025,162302,546904
474,2020-10-07 10:30:00,96030,96195,95590,95930,213272,735156
475,2020-10-07 10:45:00,95930,96325,95580,95670,213437,781664
476,2020-10-07 11:00:00,95670,95705,94885,94980,250324,1015302
477,2020-10-07 11:15:00,94975,95090,94760,94970,145798,566084
478,2020-10-07 11:30:00,94970,95205,94840,95165,135438,556199
479,2020-10-07 11:45:00,95165,95535,95140,95435,144431,640127
480,2020-10-07 12:00:00,95440,95920,95430,95715,141933,575014
481,2020-10-07 12:15:00,95710,95725,95445,95640,116424,464505
482,2020-10-07 12:30:00,95640,95775,95415,95560,99223,414675
483,2020-10-07 12:45:00,95565,95630,95320,95585,86092,328766
484,2020-10-07 13:00:00,95585,96020,95575,95930,96242,361140
485,2020-10-07 13:15:00,95930,95985,95680,95755,98560,366016
486,2020-10-07 13:30:00,95760,95890,95560,95605,77368,280092
487,2020-10-07 13:45:00,95600,95700,95470,95560,74666,301870
488,2020-10-07 14:00:00,95555,95570,95210,95395,102376,387461
489,2020-10-07 14:15:00,95395,95505,95305,95460,72484,267522
490,2020-10-07 14:30:00,95455,96000,95435,95960,110215,408570
491,2020-10-07 14:45:00,95955,96435,95940,96140,161049,640055
492,2020-10-07 15:00:00,96145,96285,96070,96130,74842,281846
493,2020-10-07 15:15:00,96130,96250,95960,96075,97222,393134
494,2020-10-07 15:30:00,96070,96105,95880,95995,71974,300374
495,2020-10-07 15:45:00,96000,96100,95915,95930,60047,258457
496,2020-10-07 16:00:00,95930,96055,95835,96030,77653,344537
497,2020-10-07 16:15:00,96030,96120,95935,96030,62593,256205
498,2020-10-07 16:30:00,96025,96030,95470,95575,121964,497551
499,2020-10-07 16:45:00,95580,95750,95440,95450,73718,309845
500,2020-10-07 17:00:00,95455,95560,95375,95490,60808,243183
501,2020-10-07 17:15:00,95485,95580,95435,95490,26723,92871
502,2020-10-07 17:30:00,95485,95570,95455,95515,25406,96655
503,2020-10-07 17:45:00,95515,95790,95495,95790,21553,68044
504,2020-10-08 09:00:00,96175,96215,95820,95995,105447,295057
505,2020-10-08 09:15:00,96000,96135,95930,96005,75070,221282
506,2020-10-08 09:30:00,96005,96045,95705,95830,113762,335886
507,2020-10-08 09:45:00,95825,95860,95735,95790,50763,165575
508,2020-10-08 10:00:00,95795,95925,95645,95705,154337,518406
509,2020-10-08 10:15:00,95705,95985,95575,95635,163669,547578
510,2020-10-08 10:30:00,95640,96120,95535,95795,240627,824607
511,2020-10-08 10:45:00,95795,96120,95760,95920,139427,500121
512,2020-10-08 11:00:00,95925,96475,95720,96405,196943,687847
513,2020-10-08 11:15:00,96400,96795,96375,96540,183479,653380
514,2020-10-08 11:30:00,96535,96770,96345,96400,134837,467033
515,2020-10-08 11:45:00,96400,96610,96315,96455,113703,409013
516,2020-10-08 12:00:00,96455,96560,96335,96365,74468,264225
517,2020-10-08 12:15:00,96370,96555,96240,96485,105923,381993
518,2020-10-08 12:30:00,96485,97295,96415,97115,172948,620426
519,2020-10-08 12:45:00,97115,97260,97050,97215,90098,357693
520,2020-10-08 13:00:00,97215,97355,96925,97000,100519,380942
521,2020-10-08 13:15:00,96995,97110,96815,96875,66770,244862
522,2020-10-08 13:30:00,96870,97085,96840,97060,65912,242561
523,2020-10-08 13:45:00,97065,97280,97045,97205,75663,276749
524,2020-10-08 14:00:00,97200,97315,97075,97130,73325,272394
525,2020-10-08 14:15:00,97125,97310,97020,97210,73974,281564
526,2020-10-08 14:30:00,97215,97220,96980,97095,69410,259248
527,2020-10-08 14:45:00,97095,97280,97035,97255,63488,244662
528,2020-10-08 15:00:00,97260,97590,97230,97545,128905,488522
529,2020-10-08 15:15:00,97550,97740,97500,97640,87997,350867
530,2020-10-08 15:30:00,97650,97780,97585,97690,74429,355300
531,2020-10-08 15:45:00,97685,97770,97575,97670,65218,278784
532,2020-10-08 16:00:00,97670,98070,97630,97940,89798,381660
533,2020-10-08 16:15:00,97945,97960,97660,97765,73030,295015
534,2020-10-08 16:30:00,97765,97840,97700,97775,46370,190209
535,2020-10-08 16:45:00,97770,97875,97685,97820,53241,233069
536,2020-10-08 17:00:00,97825,97960,97700,97750,53423,218549
537,2020-10-08 17:15:00,97745,97855,97710,97715,33052,122717
538,2020-10-08 17:30:00,97720,97750,97600,97670,32725,120177
539,2020-10-08 17:45:00,97675,97800,97565,97655,21402,69244
540,2020-10-09 09:00:00,97905,98020,97685,97785,82836,244525
541,2020-10-09 09:15:00,97780,97925,97710,97755,84736,278468
542,2020-10-09 09:30:00,97755,97795,97670,97735,53044,177615
543,2020-10-09 09:45:00,97735,97790,97655,97755,55020,190289
544,2020-10-09 10:00:00,97760,97765,97335,97360,184103,645695
545,2020-10-09 10:15:00,97360,97520,97270,97410,140833,496952
546,2020-10-09 10:30:00,97410,97575,97265,97320,145002,528178
547,2020-10-09 10:45:00,97320,97475,97130,97445,170633,587816
548,2020-10-09 11:00:00,97445,97630,97340,97490,139093,487723
549,2020-10-09 11:15:00,97485,97690,97305,97345,134353,489159
550,2020-10-09 11:30:00,97345,97900,97270,97845,140557,520784
551,2020-10-09 11:45:00,97845,98360,97825,98335,173136,651347
552,2020-10-09 12:00:00,98335,98480,98165,98420,132868,512755
553,2020-10-09 12:15:00,98420,98590,98305,98355,99103,372113
554,2020-10-09 12:30:00,98350,98350,98055,98115,97169,369950
555,2020-10-09 12:45:00,98115,98700,98080,98550,145674,543197
556,2020-10-09 13:00:00,98545,98600,98115,98140,84009,311159
557,2020-10-09 13:15:00,98145,98175,97860,97950,96623,388128
558,2020-10-09 13:30:00,97950,97975,97450,97630,101244,395717
559,2020-10-09 13:45:00,97630,97775,97595,97715,71664,281768
560,2020-10-09 14:00:00,97715,97830,97600,97690,70642,260317
561,2020-10-09 14:15:00,97695,97790,97545,97715,74571,282501
562,2020-10-09 14:30:00,97710,97725,97365,97535,93088,350623
563,2020-10-09 14:45:00,97530,97575,97330,97545,80756,309747
564,2020-10-09 15:00:00,97540,97615,97305,97415,71233,267479
565,2020-10-09 15:15:00,97410,97525,97375,97480,56858,215872
566,2020-10-09 15:30:00,97475,97485,97095,97365,100250,396488
567,2020-10-09 15:45:00,97365,97480,97265,97465,66453,253780
568,2020-10-09 16:00:00,97465,97585,97330,97445,74531,290134
569,2020-10-09 16:15:00,97450,97635,97380,97560,63372,249686
570,2020-10-09 16:30:00,97565,97650,97430,97535,70426,279994
571,2020-10-09 16:45:00,97535,97605,97360,97420,57908,242127
572,2020-10-09 17:00:00,97425,97430,97170,97280,48315,209485
573,2020-10-09 17:15:00,97280,97530,97265,97505,37629,138369
574,2020-10-09 17:30:00,97510,97610,97460,97530,34980,113437
575,2020-10-09 17:45:00,97530,97650,97450,97650,22077,63067
576,2020-10-13 09:00:00,98180,98340,98155,98220,56590,176839
577,2020-10-13 09:15:00,98220,98280,98165,98200,45757,142995
578,2020-10-13 09:30:00,98200,98310,98050,98070,85922,264410
579,2020-10-13 09:45:00,98070,98095,97910,97985,94861,285296
580,2020-10-13 10:00:00,97990,97990,97550,97680,179236,605655
581,2020-10-13 10:15:00,97680,97715,97405,97700,131249,465257
582,2020-10-13 10:30:00,97695,97725,97255,97510,199956,734279
583,2020-10-13 10:45:00,97505,97900,97470,97845,186759,675494
584,2020-10-13 11:00:00,97840,98120,97480,97575,191531,689596
585,2020-10-13 11:15:00,97570,98065,97485,97950,127292,483886
586,2020-10-13 11:30:00,97950,98030,97360,97515,178677,682075
587,2020-10-13 11:45:00,97510,97595,97280,97475,140871,557889
588,2020-10-13 12:00:00,97475,97625,97330,97555,100669,392459
589,2020-10-13 12:15:00,97560,97590,97340,97405,84898,345702
590,2020-10-13 12:30:00,97400,97560,97235,97330,93132,381303
591,2020-10-13 12:45:00,97330,97770,97210,97640,111235,450263
592,2020-10-13 13:00:00,97635,97805,97555,97765,81590,321304
593,2020-10-13 13:15:00,97760,97835,97650,97830,65173,263602
594,2020-10-13 13:30:00,97830,97875,97585,97760,102555,471716
595,2020-10-13 13:45:00,97760,98450,97755,98405,156125,661394
596,2020-10-13 14:00:00,98400,98935,98395,98835,155367,746731
597,2020-10-13 14:15:00,98840,99050,98740,98740,118176,542740
598,2020-10-13 14:30:00,98740,98805,98575,98580,96573,466507
599,2020-10-13 14:45:00,98585,98715,98355,98380,96171,444278
600,2020-10-13 15:00:00,98385,98410,98220,98350,98344,440608
601,2020-10-13 15:15:00,98350,98480,98205,98240,89147,397023
602,2020-10-13 15:30:00,98240,98350,98035,98300,92207,415105
603,2020-10-13 15:45:00,98300,98390,98155,98185,78712,332491
604,2020-10-13 16:00:00,98185,98350,98125,98290,54625,232399
605,2020-10-13 16:15:00,98285,98425,98165,98235,68055,288277
606,2020-10-13 16:30:00,98230,98515,98185,98455,70546,303868
607,2020-10-13 16:45:00,98455,98785,98440,98555,96134,398941
608,2020-10-13 17:00:00,98555,98665,98450,98510,50148,213401
609,2020-10-13 17:15:00,98515,98565,98345,98370,34704,128680
610,2020-10-13 17:30:00,98365,98370,98170,98200,39572,147668
611,2020-10-13 17:45:00,98195,98300,98080,98080,24267,74231
612,2020-10-14 09:00:00,98190,98565,98140,98505,70983,197887
613,2020-10-14 09:15:00,98510,98790,98465,98515,94531,290235
614,2020-10-14 09:30:00,98515,98745,98490,98720,67284,202163
615,2020-10-14 09:45:00,98725,98925,98665,98875,84531,269842
616,2020-10-14 10:00:00,98875,99360,98865,99325,162371,552497
617,2020-10-14 10:15:00,99320,99475,99055,99300,141881,517832
618,2020-10-14 10:30:00,99300,99770,99290,99705,159315,624109
619,2020-10-14 10:45:00,99705,99755,99290,99375,147273,546679
620,2020-10-14 11:00:00,99375,99715,99345,99580,99585,370579
621,2020-10-14 11:15:00,99580,99875,99450,99550,131552,483417
622,2020-10-14 11:30:00,99545,99740,99360,99520,117797,461099
623,2020-10-14 11:45:00,99520,99685,99410,99675,70039,263436
624,2020-10-14 12:00:00,99675,99765,99430,99535,76709,288429
625,2020-10-14 12:15:00,99535,99725,99485,99515,66165,255565
626,2020-10-14 12:30:00,99510,99825,99505,99715,74828,280131
627,2020-10-14 12:45:00,99710,99730,99295,99325,114109,433704
628,2020-10-14 13:00:00,99320,99490,99025,99215,113274,418928
629,2020-10-14 13:15:00,99215,99310,99075,99275,68526,260311
630,2020-10-14 13:30:00,99280,99575,99245,99345,95733,359010
631,2020-10-14 13:45:00,99345,99600,99265,99565,73573,276242
632,2020-10-14 14:00:00,99565,99755,99525,99620,84151,302685
633,2020-10-14 14:15:00,99615,99680,99535,99545,50291,188092
634,2020-10-14 14:30:00,99545,99620,99200,99265,106575,390421
635,2020-10-14 14:45:00,99265,99620,99215,99530,74342,271376
636,2020-10-14 15:00:00,99530,99655,99405,99485,68374,257091
637,2020-10-14 15:15:00,99490,99525,99180,99255,93636,352651
638,2020-10-14 15:30:00,99260,99380,99150,99345,70168,276996
639,2020-10-14 15:45:00,99340,99690,99300,99615,71464,281295
640,2020-10-14 16:00:00,99620,99815,99530,99665,78196,308370
641,2020-10-14 16:15:00,99665,99725,99530,99620,49479,197490
642,2020-10-14 16:30:00,99620,99680,99460,99590,63294,262668
643,2020-10-14 16:45:00,99590,99710,99515,99530,52382,221170
644,2020-10-14 17:00:00,99525,99560,99400,99430,43331,187560
645,2020-10-14 17:15:00,99430,99525,99405,99410,28657,105322
646,2020-10-14 17:30:00,99410,99415,99275,99295,30272,113808
647,2020-10-14 17:45:00,99295,99325,99210,99250,17972,60281
648,2020-10-15 09:00:00,98175,98395,98085,98240,78494,247291
649,2020-10-15 09:15:00,98235,98485,98175,98375,87555,264868
650,2020-10-15 09:30:00,98375,98380,97965,98145,136232,421718
651,2020-10-15 09:45:00,98145,98195,98025,98135,66380,220029
652,2020-10-15 10:00:00,98135,98220,97910,98100,129831,463361
653,2020-10-15 10:15:00,98100,98315,98025,98145,140773,486486
654,2020-10-15 10:30:00,98145,98480,98000,98380,217061,810239
655,2020-10-15 10:45:00,98385,98730,98345,98665,171296,625086
656,2020-10-15 11:00:00,98665,98745,98390,98430,137672,532734
657,2020-10-15 11:15:00,98435,98785,98390,98650,145382,567468
658,2020-10-15 11:30:00,98645,98760,98440,98470,119582,440245
659,2020-10-15 11:45:00,98475,98690,98445,98670,69487,251806
660,2020-10-15 12:00:00,98675,99070,98635,98825,142687,529849
661,2020-10-15 12:15:00,98825,99010,98800,98910,81611,340932
662,2020-10-15 12:30:00,98910,99020,98900,98955,54482,216507
663,2020-10-15 12:45:00,98955,99135,98940,99050,77950,303930
664,2020-10-15 13:00:00,99055,99055,98900,98910,61706,239389
665,2020-10-15 13:15:00,98910,98940,98675,98745,92634,359572
666,2020-10-15 13:30:00,98745,98845,98640,98740,79467,292400
667,2020-10-15 13:45:00,98745,98915,98675,98900,77049,293203
668,2020-10-15 14:00:00,98895,98975,98860,98960,63822,239440
669,2020-10-15 14:15:00,98955,99245,98900,99235,103869,400955
670,2020-10-15 14:30:00,99235,99670,99235,99485,156588,628940
671,2020-10-15 14:45:00,99485,99540,99335,99350,65907,266048
672,2020-10-15 15:00:00,99355,99730,99340,99630,117613,459386
673,2020-10-15 15:15:00,99630,99645,99400,99445,65859,268291
674,2020-10-15 15:30:00,99445,99485,99320,99385,61976,250278
675,2020-10-15 15:45:00,99390,99515,99280,99470,72295,297933
676,2020-10-15 16:00:00,99470,99545,99370,99435,65875,267313
677,2020-10-15 16:15:00,99445,99610,99310,99350,86873,356822
678,2020-10-15 16:30:00,99350,99515,99295,99420,74727,335390
679,2020-10-15 16:45:00,99425,99430,99220,99255,68160,287514
680,2020-10-15 17:00:00,99255,99310,99145,99185,47588,194604
681,2020-10-15 17:15:00,99185,99245,99165,99195,17781,62587
682,2020-10-15 17:30:00,99195,99280,99080,99185,35578,136696
683,2020-10-15 17:45:00,99185,99190,99045,99045,17028,58286
684,2020-10-16 09:00:00,99340,99435,98950,98990,95756,292173
685,2020-10-16 09:15:00,98990,99080,98920,99040,72952,238175
686,2020-10-16 09:30:00,99045,99090,98970,99045,60995,203946
687,2020-10-16 09:45:00,99045,99135,99015,99105,69585,224899
688,2020-10-16 10:00:00,99105,99110,98825,98990,158915,553458
689,2020-10-16 10:15:00,98990,99065,98780,98895,146634,546047
690,2020-10-16 10:30:00,98890,99150,98755,98970,205248,774413
691,2020-10-16 10:45:00,98965,99200,98840,99125,164659,638517
692,2020-10-16 11:00:00,99120,99370,99100,99160,149057,581922
693,2020-10-16 11:15:00,99165,99235,98910,99205,168444,669767
694,2020-10-16 11:30:00,99205,99230,98790,99015,147291,623781
695,2020-10-16 11:45:00,99020,99070,98720,99025,144096,620440
696,2020-10-16 12:00:00,99025,99140,98890,99025,98002,424720
697,2020-10-16 12:15:00,99030,99035,98535,98590,143801,640689
698,2020-10-16 12:30:00,98595,98710,98485,98510,107413,479134
699,2020-10-16 12:45:00,98515,98745,98465,98730,65380,259686
700,2020-10-16 13:00:00,98730,98775,98610,98765,60868,241059
701,2020-10-16 13:15:00,98765,98835,98685,98825,53028,208351
702,2020-10-16 13:30:00,98820,98860,98600,98750,95597,408986
703,2020-10-16 13:45:00,98750,98995,98750,98960,79427,330790
704,2020-10-16 14:00:00,98960,99030,98915,98955,58347,239488
705,2020-10-16 14:15:00,98950,99075,98800,98950,95453,379877
706,2020-10-16 14:30:00,98955,98955,98770,98865,54111,218280
707,2020-10-16 14:45:00,98860,98980,98690,98735,75962,304927
708,2020-10-16 15:00:00,98735,98780,98615,98680,81822,342483
709,2020-10-16 15:15:00,98680,98815,98640,98750,52834,225554
710,2020-10-16 15:30:00,98750,98830,98670,98740,49082,212488
711,2020-10-16 15:45:00,98740,98890,98730,98775,54000,238372
712,2020-10-16 16:00:00,98775,98835,98500,98545,84278,383564
713,2020-10-16 16:15:00,98550,98820,98525,98785,59603,256273
714,2020-10-16 16:30:00,98785,98840,98680,98705,45482,199182
715,2020-10-16 16:45:00,98705,98705,98570,98590,53512,237696
716,2020-10-16 17:00:00,98595,98625,98335,98365,66677,293295
717,2020-10-16 17:15:00,98365,98420,98280,98340,36004,144591
718,2020-10-16 17:30:00,98340,98635,98340,98610,46628,174889
719,2020-10-16 17:45:00,98610,98700,98540,98700,16759,56548
720,2020-10-19 09:00:00,99150,99185,99000,99145,65655,206980
721,2020-10-19 09:15:00,99140,99250,99065,99105,60234,189721
722,2020-10-19 09:30:00,99105,99180,98980,99055,61631,205852
723,2020-10-19 09:45:00,99060,99110,98945,99015,64170,220318
724,2020-10-19 10:00:00,99015,99070,98915,99070,90178,332088
725,2020-10-19 10:15:00,99070,99310,98925,99085,180896,647656
726,2020-10-19 10:30:00,99080,99490,98880,99440,231401,863349
727,2020-10-19 10:45:00,99440,99980,99415,99860,205896,817792
728,2020-10-19 11:00:00,99865,100030,99750,99845,149928,597811
729,2020-10-19 11:15:00,99845,100095,99810,99885,123121,510697
730,2020-10-19 11:30:00,99885,99955,99790,99830,89159,381022
731,2020-10-19 11:45:00,99830,100060,99790,99875,97371,392187
732,2020-10-19 12:00:00,99875,100070,99825,99940,89783,393595
733,2020-10-19 12:15:00,99940,100170,99885,99950,115784,436939
734,2020-10-19 12:30:00,99950,100000,99855,99970,68377,284330
735,2020-10-19 12:45:00,99965,100030,99850,99855,62954,279073
736,2020-10-19 13:00:00,99855,99930,99795,99830,67085,295241
737,2020-10-19 13:15:00,99830,100020,99795,99940,77984,330149
738,2020-10-19 13:30:00,99935,100045,99890,99910,54840,203851
739,2020-10-19 13:45:00,99905,99940,99850,99900,34975,128660
740,2020-10-19 14:00:00,99905,99920,99825,99870,42951,168219
741,2020-10-19 14:15:00,99870,99875,99730,99775,77526,286385
742,2020-10-19 14:30:00,99775,99850,99720,99775,73365,288134
743,2020-10-19 14:45:00,99775,99780,99575,99580,102460,409247
744,2020-10-19 15:00:00,99580,99610,99440,99485,106164,416896
745,2020-10-19 15:15:00,99480,99530,99215,99250,114811,475746
746,2020-10-19 15:30:00,99250,99265,98630,98770,189606,819085
747,2020-10-19 15:45:00,98775,98800,98600,98615,108403,502216
748,2020-10-19 16:00:00,98625,98795,98570,98770,84982,410900
749,2020-10-19 16:15:00,98765,98850,98625,98755,79547,382618
750,2020-10-19 16:30:00,98760,98880,98700,98795,63198,296547
751,2020-10-19 16:45:00,98795,98830,98690,98820,49428,236209
752,2020-10-19 17:00:00,98825,98875,98765,98845,40437,170302
753,2020-10-19 17:15:00,98845,98865,98775,98805,24520,101577
754,2020-10-19 17:30:00,98805,98920,98795,98845,31357,126447
755,2020-10-19 17:45:00,98850,98940,98835,98940,18172,63267
756,2020-10-20 09:00:00,99200,99535,99120,99470,94689,302112
757,2020-10-20 09:15:00,99465,99475,99245,99425,97761,314284
758,2020-10-20 09:30:00,99425,99580,99385,99495,89564,305972
759,2020-10-20 09:45:00,99495,99555,99435,99470,52043,179561
760,2020-10-20 10:00:00,99475,99845,99370,99780,194309,733754
761,2020-10-20 10:15:00,99775,100095,99775,99935,179031,661744
762,2020-10-20 10:30:00,99935,100255,99880,100165,168181,687068
763,2020-10-20 10:45:00,100165,100230,99950,100075,129040,500462
764,2020-10-20 11:00:00,100080,100275,100045,100240,116908,472540
765,2020-10-20 11:15:00,100235,100325,100125,100255,118399,465826
766,2020-10-20 11:30:00,100255,100325,100200,100255,81990,334201
767,2020-10-20 11:45:00,100255,100350,100160,100215,95369,396607
768,2020-10-20 12:00:00,100210,100250,100020,100140,115015,470018
769,2020-10-20 12:15:00,100140,100230,100110,100125,58559,252987
770,2020-10-20 12:30:00,100120,100320,100095,100280,91641,367354
771,2020-10-20 12:45:00,100280,100375,100210,100275,73564,306564
772,2020-10-20 13:00:00,100275,100295,100120,100150,56494,223889
773,2020-10-20 13:15:00,100150,100250,100145,100170,50287,203256
774,2020-10-20 13:30:00,100170,100850,100140,100645,183901,731871
775,2020-10-20 13:45:00,100645,100780,100565,100665,70472,284819
776,2020-10-20 14:00:00,100670,100810,100640,100760,69090,271383
777,2020-10-20 14:15:00,100760,100920,100685,100805,99780,401012
778,2020-10-20 14:30:00,100805,100970,100765,100895,87178,392113
779,2020-10-20 14:45:00,100890,100925,100645,100705,84726,355489
780,2020-10-20 15:00:00,100700,100865,100695,100795,78405,338900
781,2020-10-20 15:15:00,100795,100940,100735,100805,73088,323188
782,2020-10-20 15:30:00,100810,100925,100800,100880,45244,207811
783,2020-10-20 15:45:00,100880,100900,100765,100830,57788,246629
784,2020-10-20 16:00:00,100830,100910,100585,100645,107115,443265
785,2020-10-20 16:15:00,100645,100890,100585,100790,95082,401451
786,2020-10-20 16:30:00,100790,100890,100645,100855,84036,337941
787,2020-10-20 16:45:00,100855,100890,100675,100685,71812,306617
788,2020-10-20 17:00:00,100685,100780,100610,100660,63933,277189
789,2020-10-20 17:15:00,100660,100700,100610,100630,23266,90561
790,2020-10-20 17:30:00,100630,100720,100545,100590,47319,197773
791,2020-10-20 17:45:00,100595,100930,100530,100930,30114,107800
792,2020-10-21 09:00:00,100500,100830,100450,100625,95742,304009
793,2020-10-21 09:15:00,100630,100720,100580,100705,66931,223552
794,2020-10-21 09:30:00,100700,100740,100615,100620,53386,188653
795,2020-10-21 09:45:00,100620,100705,100560,100600,61046,213681
796,2020-10-21 10:00:00,100605,101115,100460,101070,228017,855737
797,2020-10-21 10:15:00,101070,101170,100375,100465,234431,882427
798,2020-10-21 10:30:00,100460,100875,100280,100860,234403,893201
799,2020-10-21 10:45:00,100860,101340,100690,101250,192454,743497
800,2020-10-21 11:00:00,101245,101400,101065,101195,155140,615147
801,2020-10-21 11:15:00,101195,101285,100975,101155,114574,441995
802,2020-10-21 11:30:00,101155,101445,101130,101410,135469,536561
803,2020-10-21 11:45:00,101410,101495,101215,101255,119523,487243
804,2020-10-21 12:00:00,101255,101255,100825,100880,143829,599722
805,2020-10-21 12:15:00,100885,101275,100755,101255,134292,570370
806,2020-10-21 12:30:00,101260,101280,101085,101175,87937,398529
807,2020-10-21 12:45:00,101180,101270,101100,101185,51176,219282
808,2020-10-21 13:00:00,101180,101360,101145,101290,68680,271857
809,2020-10-21 13:15:00,101285,101875,101210,101595,143408,603977
810,2020-10-21 13:30:00,101595,101700,101320,101360,90066,377256
811,2020-10-21 13:45:00,101360,101420,101120,101170,96271,417645
812,2020-10-21 14:00:00,101170,101355,101135,101210,84941,354249
813,2020-10-21 14:15:00,101210,101395,101190,101300,61987,264187
814,2020-10-21 14:30:00,101305,101340,100900,101010,103447,421029
815,2020-10-21 14:45:00,101010,101185,100955,101165,66829,275076
816,2020-10-21 15:00:00,101170,101325,101095,101135,91713,382882
817,2020-10-21 15:15:00,101140,101245,101025,101160,76200,318013
818,2020-10-21 15:30:00,101160,101225,101105,101155,43047,196255
819,2020-10-21 15:45:00,101155,101310,101125,101165,68090,288848
820,2020-10-21 16:00:00,101160,101175,100970,101085,69416,314467
821,2020-10-21 16:15:00,101080,101140,100980,101085,51816,232673
822,2020-10-21 16:30:00,101090,101115,100855,100865,54322,248077
823,2020-10-21 16:45:00,100865,100915,100665,100680,76391,334786
824,2020-10-21 17:00:00,100685,100740,100510,100565,54224,237150
825,2020-10-21 17:15:00,100570,100690,100565,100650,29855,116172
826,2020-10-21 17:30:00,100650,100690,100600,100685,21028,82157
827,2020-10-21 17:45:00,100685,100890,100680,100710,23638,73864
828,2020-10-22 09:00:00,100660,100935,100565,100830,80049,245575
829,2020-10-22 09:15:00,100830,100870,100695,100805,54275,177864
830,2020-10-22 09:30:00,100810,101000,100665,100945,124898,413624
831,2020-10-22 09:45:00,100945,101015,100880,100915,57393,197051
832,2020-10-22 10:00:00,100915,100925,100570,100705,172203,617680
833,2020-10-22 10:15:00,100705,100955,100620,100740,168632,650557
834,2020-10-22 10:30:00,100735,101030,100565,100825,211532,874148
835,2020-10-22 10:45:00,100825,101295,100800,101285,202488,832090
836,2020-10-22 11:00:00,101285,101345,101115,101155,137090,554349
837,2020-10-22 11:15:00,101155,101290,100835,100910,169217,707657
838,2020-10-22 11:30:00,100910,100975,100720,100745,150283,647512
839,2020-10-22 11:45:00,100740,101575,100690,101450,194088,827056
840,2020-10-22 12:00:00,101450,101675,101320,101650,127397,549442
841,2020-10-22 12:15:00,101650,101835,101520,101745,115947,485061
842,2020-10-22 12:30:00,101740,101810,101630,101750,64210,278712
843,2020-10-22 12:45:00,101755,101890,101655,101675,69910,300047
844,2020-10-22 13:00:00,101675,101750,101640,101670,49372,221211
845,2020-10-22 13:15:00,101665,101795,101665,101760,34729,146034
846,2020-10-22 13:30:00,101755,101780,101665,101720,32995,148716
847,2020-10-22 13:45:00,101720,102075,101700,101920,119195,518239
848,2020-10-22 14:00:00,101920,102090,101910,102055,73020,321022
849,2020-10-22 14:15:00,102055,102085,101935,101975,62894,282623
850,2020-10-22 14:30:00,101975,102200,101935,102145,69789,304952
851,2020-10-22 14:45:00,102140,102170,102000,102060,67039,302682
852,2020-10-22 15:00:00,102060,102170,102005,102070,61214,276044
853,2020-10-22 15:15:00,102070,102170,102035,102095,56169,259806
854,2020-10-22 15:30:00,102090,102150,102025,102045,49576,247120
855,2020-10-22 15:45:00,102045,102100,101945,102025,56792,277272
856,2020-10-22 16:00:00,102025,102050,101960,102015,36384,175605
857,2020-10-22 16:15:00,102010,102165,102000,102100,61549,259150
858,2020-10-22 16:30:00,102100,102160,102085,102135,39700,189957
859,2020-10-22 16:45:00,102135,102315,102045,102090,79499,362883
860,2020-10-22 17:00:00,102095,102105,102010,102030,34756,158466
861,2020-10-22 17:15:00,102030,102130,102025,102115,26545,126753
862,2020-10-22 17:30:00,102110,102165,102060,102125,25484,125445
863,2020-10-22 17:45:00,102120,102445,102120,102375,32708,111846
864,2020-10-23 09:00:00,102420,102480,102240,102295,69719,239837
865,2020-10-23 09:15:00,102295,102345,102210,102250,49462,167791
866,2020-10-23 09:30:00,102250,102290,102200,102215,36040,121927
867,2020-10-23 09:45:00,102215,102235,102165,102220,41968,140278
868,2020-10-23 10:00:00,102225,102255,101720,101775,184129,705827
869,2020-10-23 10:15:00,101775,102230,101730,102215,166171,666009
870,2020-10-23 10:30:00,102215,102410,101865,101870,228721,937737
871,2020-10-23 10:45:00,101875,101990,101770,101870,128635,519567
872,2020-10-23 11:00:00,101870,101940,101645,101935,137954,545128
873,2020-10-23 11:15:00,101935,101970,101730,101865,103794,427634
874,2020-10-23 11:30:00,101870,102020,101675,101780,108092,432876
875,2020-10-23 11:45:00,101780,101940,101670,101845,100874,425576
876,2020-10-23 12:00:00,101845,101860,101660,101780,88786,406333
877,2020-10-23 12:15:00,101785,101900,101605,101695,97177,416424
878,2020-10-23 12:30:00,101695,101800,101620,101765,57727,242835
879,2020-10-23 12:45:00,101765,101940,101750,101895,74674,329799
880,2020-10-23 13:00:00,101890,102080,101850,101970,87884,385437
881,2020-10-23 13:15:00,101970,101975,101785,101820,77206,365031
882,2020-10-23 13:30:00,101820,101935,101725,101805,63780,290483
883,2020-10-23 13:45:00,101800,101835,101640,101760,66417,301281
884,2020-10-23 14:00:00,101765,101975,101690,101925,82280,372393
885,2020-10-23 14:15:00,101920,101930,101730,101775,64866,288315
886,2020-10-23 14:30:00,101775,101910,101630,101630,78490,347181
887,2020-10-23 14:45:00,101635,101670,101355,101500,114977,488988
888,2020-10-23 15:00:00,101500,101620,101430,101545,69291,301022
889,2020-10-23 15:15:00,101545,101635,101470,101630,53714,230557
890,2020-10-23 15:30:00,101630,101675,101535,101550,46990,200212
891,2020-10-23 15:45:00,101550,101590,101485,101505,48440,241438
892,2020-10-23 16:00:00,101510,101620,101440,101565,57229,288406
893,2020-10-23 16:15:00,101560,101610,101425,101510,53685,259398
894,2020-10-23 16:30:00,101515,101530,101360,101410,61280,288208
895,2020-10-23 16:45:00,101410,101465,101275,101395,54223,246255
896,2020-10-23 17:00:00,101395,101430,101285,101370,39069,175623
897,2020-10-23 17:15:00,101375,101500,101350,101475,28240,106104
898,2020-10-23 17:30:00,101470,101585,101455,101550,26852,104388
899,2020-10-23 17:45:00,101550,101725,101510,101630,20900,67878
900,2020-10-26 09:00:00,100845,100975,100795,100880,53975,171206
901,2020-10-26 09:15:00,100875,101005,100850,101000,52519,164245
902,2020-10-26 09:30:00,100995,101065,100920,100975,63667,207167
903,2020-10-26 09:45:00,100980,100990,100900,100935,40770,144386
904,2020-10-26 10:00:00,100940,101460,100885,101420,180884,686940
905,2020-10-26 10:15:00,101420,101725,101420,101695,165258,675277
906,2020-10-26 10:30:00,101690,101820,101575,101720,155564,629488
907,2020-10-26 10:45:00,101715,101850,101635,101820,92447,378972
908,2020-10-26 11:00:00,101825,101945,101765,101870,100616,420728
909,2020-10-26 11:15:00,101870,101970,101785,101800,84529,348518
910,2020-10-26 11:30:00,101805,101900,101690,101875,103375,414150
911,2020-10-26 11:45:00,101875,101930,101660,101665,88718,380508
912,2020-10-26 12:00:00,101665,101675,101335,101425,155271,693513
913,2020-10-26 12:15:00,101425,101470,101215,101425,115436,530585
914,2020-10-26 12:30:00,101420,101480,101350,101435,68820,367456
915,2020-10-26 12:45:00,101435,101715,101360,101645,101422,452163
916,2020-10-26 13:00:00,101645,101715,101475,101505,66366,291629
917,2020-10-26 13:15:00,101505,101560,101350,101370,74334,321929
918,2020-10-26 13:30:00,101370,101375,100525,100610,181270,825607
919,2020-10-26 13:45:00,100610,100765,100465,100635,104606,472152
920,2020-10-26 14:00:00,100640,100695,100565,100645,52905,251214
921,2020-10-26 14:15:00,100650,100650,100195,100230,128409,592172
922,2020-10-26 14:30:00,100230,100270,99940,100205,121709,575699
923,2020-10-26 14:45:00,100210,100615,100170,100605,100086,475996
924,2020-10-26 15:00:00,100605,100865,100565,100700,117347,528592
925,2020-10-26 15:15:00,100695,100880,100585,100800,80500,364616
926,2020-10-26 15:30:00,100805,100880,100690,100745,57288,285414
927,2020-10-26 15:45:00,100745,100845,100655,100780,51123,266164
928,2020-10-26 16:00:00,100780,100850,100650,100720,48807,235863
929,2020-10-26 16:15:00,100725,101005,100720,100965,80838,359151
930,2020-10-26 16:30:00,100965,101150,100930,101035,67928,301420
931,2020-10-26 16:45:00,101035,101255,100905,101255,72916,330231
932,2020-10-26 17:00:00,101250,101300,101150,101235,50370,229412
933,2020-10-26 17:15:00,101235,101265,101205,101230,15128,63892
934,2020-10-26 17:30:00,101230,101275,101180,101220,19653,83832
935,2020-10-26 17:45:00,101225,101355,101205,101355,15772,54817
936,2020-10-27 09:00:00,101890,101940,101660,101715,73173,233168
937,2020-10-27 09:15:00,101715,101800,101685,101780,35143,112817
938,2020-10-27 09:30:00,101780,101850,101635,101675,67604,215410
939,2020-10-27 09:45:00,101675,101680,101460,101550,100527,318156
940,2020-10-27 10:00:00,101555,101845,101340,101585,220027,762454
941,2020-10-27 10:15:00,101590,101650,101275,101305,175547,610144
942,2020-10-27 10:30:00,101305,101345,100945,101025,236133,848441
943,2020-10-27 10:45:00,101020,101180,100920,101105,114450,430536
944,2020-10-27 11:00:00,101100,101160,100980,101055,89713,367983
945,2020-10-27 11:15:00,101055,101110,100650,100815,160584,615106
946,2020-10-27 11:30:00,100815,100910,100755,100850,76689,320738
947,2020-10-27 11:45:00,100855,101045,100835,100875,85301,329341
948,2020-10-27 12:00:00,100880,100950,100730,100790,92166,364633
949,2020-10-27 12:15:00,100795,100870,100580,100655,87701,352025
950,2020-10-27 12:30:00,100660,100815,100525,100630,101381,412806
951,2020-10-27 12:45:00,100635,100780,100615,100650,68340,275985
952,2020-10-27 13:00:00,100650,100665,100265,100415,116759,475683
953,2020-10-27 13:15:00,100415,100430,100310,100345,51072,219520
954,2020-10-27 13:30:00,100345,100370,100190,100260,88243,358185
955,2020-10-27 13:45:00,100265,100390,100240,100335,56853,245399
956,2020-10-27 14:00:00,100335,100345,100150,100200,64731,285951
957,2020-10-27 14:15:00,100200,100465,100175,100435,75190,299205
958,2020-10-27 14:30:00,100430,100515,100290,100360,78400,310183
959,2020-10-27 14:45:00,100365,100425,100170,100300,74005,294953
960,2020-10-27 15:00:00,100300,100350,100200,100225,55402,239341
961,2020-10-27 15:15:00,100220,100225,99980,100055,112289,469435
962,2020-10-27 15:30:00,100055,100095,99720,99815,119896,513599
963,2020-10-27 15:45:00,99820,99860,99500,99595,122259,552468
964,2020-10-27 16:00:00,99595,99775,99590,99715,59421,283825
965,2020-10-27 16:15:00,99715,99780,99675,99710,37073,170721
966,2020-10-27 16:30:00,99705,99785,99650,99665,42351,192053
967,2020-10-27 16:45:00,99670,99730,99530,99635,71936,326980
968,2020-10-27 17:00:00,99635,99690,99565,99620,35107,156046
969,2020-10-27 17:15:00,99620,99625,99445,99620,44713,187641
970,2020-10-27 17:30:00,99615,99655,99335,99365,41453,165206
971,2020-10-27 17:45:00,99365,99410,98770,98850,45530,154083
972,2020-10-28 09:00:00,98300,98375,97860,97865,96263,321474
973,2020-10-28 09:15:00,97865,98000,97425,97625,168614,605409
974,2020-10-28 09:30:00,97630,97790,97465,97575,118865,419847
975,2020-10-28 09:45:00,97575,98015,97490,97990,155189,546789
976,2020-10-28 10:00:00,97990,98060,97260,97480,235176,838427
977,2020-10-28 10:15:00,97480,97640,97065,97430,237903,860763
978,2020-10-28 10:30:00,97430,97590,97090,97545,195413,696350
979,2020-10-28 10:45:00,97545,97620,96965,97095,208606,833002
980,2020-10-28 11:00:00,97095,97245,96830,96945,173853,669124
981,2020-10-28 11:15:00,96945,97075,96645,96780,154819,644135
982,2020-10-28 11:30:00,96780,97000,96575,96680,145184,596796
983,2020-10-28 11:45:00,96685,96730,96420,96615,129225,545125
984,2020-10-28 12:00:00,96620,96875,96470,96645,138680,593540
985,2020-10-28 12:15:00,96645,96675,96215,96310,128894,536709
986,2020-10-28 12:30:00,96305,96490,96065,96450,116457,484846
987,2020-10-28 12:45:00,96450,96830,96355,96800,113981,480373
988,2020-10-28 13:00:00,96805,96840,96535,96605,90823,391242
989,2020-10-28 13:15:00,96605,96745,96485,96710,73373,315981
990,2020-10-28 13:30:00,96710,96775,96325,96430,103894,461245
991,2020-10-28 13:45:00,96425,96500,96285,96405,78432,330337
992,2020-10-28 14:00:00,96405,96410,95930,95940,109117,456870
993,2020-10-28 14:15:00,95940,96220,95870,96205,101593,405809
994,2020-10-28 14:30:00,96215,96360,96130,96190,76573,309278
995,2020-10-28 14:45:00,96190,96530,96150,96520,93298,361708
996,2020-10-28 15:00:00,96515,96525,96210,96215,83439,322773
997,2020-10-28 15:15:00,96215,96430,96170,96385,77716,321993
998,2020-10-28 15:30:00,96380,96455,95985,96120,102372,427568
999,2020-10-28 15:45:00,96120,96320,96075,96210,75242,331182
